零件编号,材料,加工速度,主轴转速,进给量,切削深度,冷却液流量,加工时间
0,材料0,100,1000,0.1,0.5,2.0,10
1,材料1,110,1100,0.12000000000000001,0.6,2.2,11
2,材料2,120,1200,0.14,0.7,2.4,12
3,材料3,130,1300,0.16,0.8,2.6,13
4,材料4,140,1400,0.18,0.9,2.8,14
5,材料5,150,1500,0.2,1.0,3.0,15
6,材料6,160,1600,0.22,1.1,3.2,16
7,材料7,170,1700,0.24000000000000002,1.2000000000000002,3.4000000000000004,17
8,材料8,180,1800,0.26,1.3,3.6,18
9,材料9,190,1900,0.28,1.4,3.8,19
